combo_index,buy_pullback_rsi,sell_overbought_rsi,min_atr,extreme_setup_rsi,extreme_setup_rel_vol,return_pct,max_drawdown_pct,max_drawdown_abs,win_rate_pct,profit_factor,sharpe_ratio,trade_count
1,42.0,75.0,0.001,20.0,0.8,8.253045031582834,-26.991115925864374,26.991115925864374,47.90419161676647,2.2561232755556,0.07894602332321844,167
2,42.0,75.0,0.001,20.0,1.0,8.253045031582834,-26.991115925864374,26.991115925864374,47.90419161676647,2.2561232755556,0.07894602332321844,167
3,42.0,75.0,0.001,20.0,1.2,8.253045031582834,-26.991115925864374,26.991115925864374,47.90419161676647,2.2561232755556,0.07894602332321844,167
4,42.0,75.0,0.001,25.0,0.8,8.253045031582834,-26.991115925864374,26.991115925864374,47.90419161676647,2.2561232755556,0.07894602332321844,167
5,42.0,75.0,0.001,25.0,1.0,8.253045031582834,-26.991115925864374,26.991115925864374,47.90419161676647,2.2561232755556,0.07894602332321844,167
6,42.0,75.0,0.001,25.0,1.2,8.253045031582834,-26.991115925864374,26.991115925864374,47.90419161676647,2.2561232755556,0.07894602332321844,167
7,42.0,75.0,0.001,30.0,0.8,10.256255813546609,-26.99061360934386,26.99061360934386,48.5207100591716,2.2973887408385463,0.0957197023862763,169
8,42.0,75.0,0.001,30.0,1.0,10.256255813546609,-26.99061360934386,26.99061360934386,48.5207100591716,2.2973887408385463,0.0957197023862763,169
9,42.0,75.0,0.001,30.0,1.2,10.256255813546609,-26.99061360934386,26.99061360934386,48.5207100591716,2.2973887408385463,0.0957197023862763,169
10,42.0,75.0,0.003,20.0,0.8,8.253045031582834,-26.991115925864374,26.991115925864374,47.90419161676647,2.2561232755556,0.07894602332321844,167
11,42.0,75.0,0.003,20.0,1.0,8.253045031582834,-26.991115925864374,26.991115925864374,47.90419161676647,2.2561232755556,0.07894602332321844,167
12,42.0,75.0,0.003,20.0,1.2,8.253045031582834,-26.991115925864374,26.991115925864374,47.90419161676647,2.2561232755556,0.07894602332321844,167
13,42.0,75.0,0.003,25.0,0.8,8.253045031582834,-26.991115925864374,26.991115925864374,47.90419161676647,2.2561232755556,0.07894602332321844,167
14,42.0,75.0,0.003,25.0,1.0,8.253045031582834,-26.991115925864374,26.991115925864374,47.90419161676647,2.2561232755556,0.07894602332321844,167
15,42.0,75.0,0.003,25.0,1.2,8.253045031582834,-26.991115925864374,26.991115925864374,47.90419161676647,2.2561232755556,0.07894602332321844,167
16,42.0,75.0,0.003,30.0,0.8,10.256255813546609,-26.99061360934386,26.99061360934386,48.5207100591716,2.2973887408385463,0.0957197023862763,169
17,42.0,75.0,0.003,30.0,1.0,10.256255813546609,-26.99061360934386,26.99061360934386,48.5207100591716,2.2973887408385463,0.0957197023862763,169
18,42.0,75.0,0.003,30.0,1.2,10.256255813546609,-26.99061360934386,26.99061360934386,48.5207100591716,2.2973887408385463,0.0957197023862763,169
19,42.0,75.0,0.005,20.0,0.8,8.253045031582834,-26.991115925864374,26.991115925864374,47.90419161676647,2.2561232755556,0.07894602332321844,167
20,42.0,75.0,0.005,20.0,1.0,8.253045031582834,-26.991115925864374,26.991115925864374,47.90419161676647,2.2561232755556,0.07894602332321844,167
21,42.0,75.0,0.005,20.0,1.2,8.253045031582834,-26.991115925864374,26.991115925864374,47.90419161676647,2.2561232755556,0.07894602332321844,167
22,42.0,75.0,0.005,25.0,0.8,8.253045031582834,-26.991115925864374,26.991115925864374,47.90419161676647,2.2561232755556,0.07894602332321844,167
23,42.0,75.0,0.005,25.0,1.0,8.253045031582834,-26.991115925864374,26.991115925864374,47.90419161676647,2.2561232755556,0.07894602332321844,167
24,42.0,75.0,0.005,25.0,1.2,8.253045031582834,-26.991115925864374,26.991115925864374,47.90419161676647,2.2561232755556,0.07894602332321844,167
25,42.0,75.0,0.005,30.0,0.8,10.256255813546609,-26.99061360934386,26.99061360934386,48.5207100591716,2.2973887408385463,0.0957197023862763,169
26,42.0,75.0,0.005,30.0,1.0,10.256255813546609,-26.99061360934386,26.99061360934386,48.5207100591716,2.2973887408385463,0.0957197023862763,169
27,42.0,75.0,0.005,30.0,1.2,10.256255813546609,-26.99061360934386,26.99061360934386,48.5207100591716,2.2973887408385463,0.0957197023862763,169
28,42.0,75.0,0.01,20.0,0.8,8.253045031582834,-26.991115925864374,26.991115925864374,47.90419161676647,2.2561232755556,0.07894602332321844,167
29,42.0,75.0,0.01,20.0,1.0,8.253045031582834,-26.991115925864374,26.991115925864374,47.90419161676647,2.2561232755556,0.07894602332321844,167
30,42.0,75.0,0.01,20.0,1.2,8.253045031582834,-26.991115925864374,26.991115925864374,47.90419161676647,2.2561232755556,0.07894602332321844,167
31,42.0,75.0,0.01,25.0,0.8,8.253045031582834,-26.991115925864374,26.991115925864374,47.90419161676647,2.2561232755556,0.07894602332321844,167
32,42.0,75.0,0.01,25.0,1.0,8.253045031582834,-26.991115925864374,26.991115925864374,47.90419161676647,2.2561232755556,0.07894602332321844,167
33,42.0,75.0,0.01,25.0,1.2,8.253045031582834,-26.991115925864374,26.991115925864374,47.90419161676647,2.2561232755556,0.07894602332321844,167
34,42.0,75.0,0.01,30.0,0.8,10.256255813546609,-26.99061360934386,26.99061360934386,48.5207100591716,2.2973887408385463,0.0957197023862763,169
35,42.0,75.0,0.01,30.0,1.0,10.256255813546609,-26.99061360934386,26.99061360934386,48.5207100591716,2.2973887408385463,0.0957197023862763,169
36,42.0,75.0,0.01,30.0,1.2,10.256255813546609,-26.99061360934386,26.99061360934386,48.5207100591716,2.2973887408385463,0.0957197023862763,169
37,42.0,80.0,0.001,20.0,0.8,8.253045031582834,-26.991115925864374,26.991115925864374,47.90419161676647,2.2561232755556,0.07894602332321844,167
38,42.0,80.0,0.001,20.0,1.0,8.253045031582834,-26.991115925864374,26.991115925864374,47.90419161676647,2.2561232755556,0.07894602332321844,167
39,42.0,80.0,0.001,20.0,1.2,8.253045031582834,-26.991115925864374,26.991115925864374,47.90419161676647,2.2561232755556,0.07894602332321844,167
40,42.0,80.0,0.001,25.0,0.8,8.253045031582834,-26.991115925864374,26.991115925864374,47.90419161676647,2.2561232755556,0.07894602332321844,167
41,42.0,80.0,0.001,25.0,1.0,8.253045031582834,-26.991115925864374,26.991115925864374,47.90419161676647,2.2561232755556,0.07894602332321844,167
42,42.0,80.0,0.001,25.0,1.2,8.253045031582834,-26.991115925864374,26.991115925864374,47.90419161676647,2.2561232755556,0.07894602332321844,167
43,42.0,80.0,0.001,30.0,0.8,10.256255813546609,-26.99061360934386,26.99061360934386,48.5207100591716,2.2973887408385463,0.0957197023862763,169
44,42.0,80.0,0.001,30.0,1.0,10.256255813546609,-26.99061360934386,26.99061360934386,48.5207100591716,2.2973887408385463,0.0957197023862763,169
45,42.0,80.0,0.001,30.0,1.2,10.256255813546609,-26.99061360934386,26.99061360934386,48.5207100591716,2.2973887408385463,0.0957197023862763,169
46,42.0,80.0,0.003,20.0,0.8,8.253045031582834,-26.991115925864374,26.991115925864374,47.90419161676647,2.2561232755556,0.07894602332321844,167
47,42.0,80.0,0.003,20.0,1.0,8.253045031582834,-26.991115925864374,26.991115925864374,47.90419161676647,2.2561232755556,0.07894602332321844,167
48,42.0,80.0,0.003,20.0,1.2,8.253045031582834,-26.991115925864374,26.991115925864374,47.90419161676647,2.2561232755556,0.07894602332321844,167
49,42.0,80.0,0.003,25.0,0.8,8.253045031582834,-26.991115925864374,26.991115925864374,47.90419161676647,2.2561232755556,0.07894602332321844,167
50,42.0,80.0,0.003,25.0,1.0,8.253045031582834,-26.991115925864374,26.991115925864374,47.90419161676647,2.2561232755556,0.07894602332321844,167
51,42.0,80.0,0.003,25.0,1.2,8.253045031582834,-26.991115925864374,26.991115925864374,47.90419161676647,2.2561232755556,0.07894602332321844,167
52,42.0,80.0,0.003,30.0,0.8,10.256255813546609,-26.99061360934386,26.99061360934386,48.5207100591716,2.2973887408385463,0.0957197023862763,169
53,42.0,80.0,0.003,30.0,1.0,10.256255813546609,-26.99061360934386,26.99061360934386,48.5207100591716,2.2973887408385463,0.0957197023862763,169
54,42.0,80.0,0.003,30.0,1.2,10.256255813546609,-26.99061360934386,26.99061360934386,48.5207100591716,2.2973887408385463,0.0957197023862763,169
55,42.0,80.0,0.005,20.0,0.8,8.253045031582834,-26.991115925864374,26.991115925864374,47.90419161676647,2.2561232755556,0.07894602332321844,167
56,42.0,80.0,0.005,20.0,1.0,8.253045031582834,-26.991115925864374,26.991115925864374,47.90419161676647,2.2561232755556,0.07894602332321844,167
57,42.0,80.0,0.005,20.0,1.2,8.253045031582834,-26.991115925864374,26.991115925864374,47.90419161676647,2.2561232755556,0.07894602332321844,167
58,42.0,80.0,0.005,25.0,0.8,8.253045031582834,-26.991115925864374,26.991115925864374,47.90419161676647,2.2561232755556,0.07894602332321844,167
59,42.0,80.0,0.005,25.0,1.0,8.253045031582834,-26.991115925864374,26.991115925864374,47.90419161676647,2.2561232755556,0.07894602332321844,167
60,42.0,80.0,0.005,25.0,1.2,8.253045031582834,-26.991115925864374,26.991115925864374,47.90419161676647,2.2561232755556,0.07894602332321844,167
61,42.0,80.0,0.005,30.0,0.8,10.256255813546609,-26.99061360934386,26.99061360934386,48.5207100591716,2.2973887408385463,0.0957197023862763,169
62,42.0,80.0,0.005,30.0,1.0,10.256255813546609,-26.99061360934386,26.99061360934386,48.5207100591716,2.2973887408385463,0.0957197023862763,169
63,42.0,80.0,0.005,30.0,1.2,10.256255813546609,-26.99061360934386,26.99061360934386,48.5207100591716,2.2973887408385463,0.0957197023862763,169
64,42.0,80.0,0.01,20.0,0.8,8.253045031582834,-26.991115925864374,26.991115925864374,47.90419161676647,2.2561232755556,0.07894602332321844,167
65,42.0,80.0,0.01,20.0,1.0,8.253045031582834,-26.991115925864374,26.991115925864374,47.90419161676647,2.2561232755556,0.07894602332321844,167
66,42.0,80.0,0.01,20.0,1.2,8.253045031582834,-26.991115925864374,26.991115925864374,47.90419161676647,2.2561232755556,0.07894602332321844,167
67,42.0,80.0,0.01,25.0,0.8,8.253045031582834,-26.991115925864374,26.991115925864374,47.90419161676647,2.2561232755556,0.07894602332321844,167
68,42.0,80.0,0.01,25.0,1.0,8.253045031582834,-26.991115925864374,26.991115925864374,47.90419161676647,2.2561232755556,0.07894602332321844,167
69,42.0,80.0,0.01,25.0,1.2,8.253045031582834,-26.991115925864374,26.991115925864374,47.90419161676647,2.2561232755556,0.07894602332321844,167
70,42.0,80.0,0.01,30.0,0.8,10.256255813546609,-26.99061360934386,26.99061360934386,48.5207100591716,2.2973887408385463,0.0957197023862763,169
71,42.0,80.0,0.01,30.0,1.0,10.256255813546609,-26.99061360934386,26.99061360934386,48.5207100591716,2.2973887408385463,0.0957197023862763,169
72,42.0,80.0,0.01,30.0,1.2,10.256255813546609,-26.99061360934386,26.99061360934386,48.5207100591716,2.2973887408385463,0.0957197023862763,169
73,42.0,85.0,0.001,20.0,0.8,8.253045031582834,-26.991115925864374,26.991115925864374,47.90419161676647,2.2561232755556,0.07894602332321844,167
74,42.0,85.0,0.001,20.0,1.0,8.253045031582834,-26.991115925864374,26.991115925864374,47.90419161676647,2.2561232755556,0.07894602332321844,167
75,42.0,85.0,0.001,20.0,1.2,8.253045031582834,-26.991115925864374,26.991115925864374,47.90419161676647,2.2561232755556,0.07894602332321844,167
76,42.0,85.0,0.001,25.0,0.8,8.253045031582834,-26.991115925864374,26.991115925864374,47.90419161676647,2.2561232755556,0.07894602332321844,167
77,42.0,85.0,0.001,25.0,1.0,8.253045031582834,-26.991115925864374,26.991115925864374,47.90419161676647,2.2561232755556,0.07894602332321844,167
78,42.0,85.0,0.001,25.0,1.2,8.253045031582834,-26.991115925864374,26.991115925864374,47.90419161676647,2.2561232755556,0.07894602332321844,167
79,42.0,85.0,0.001,30.0,0.8,10.256255813546609,-26.99061360934386,26.99061360934386,48.5207100591716,2.2973887408385463,0.0957197023862763,169
80,42.0,85.0,0.001,30.0,1.0,10.256255813546609,-26.99061360934386,26.99061360934386,48.5207100591716,2.2973887408385463,0.0957197023862763,169
81,42.0,85.0,0.001,30.0,1.2,10.256255813546609,-26.99061360934386,26.99061360934386,48.5207100591716,2.2973887408385463,0.0957197023862763,169
82,42.0,85.0,0.003,20.0,0.8,8.253045031582834,-26.991115925864374,26.991115925864374,47.90419161676647,2.2561232755556,0.07894602332321844,167
83,42.0,85.0,0.003,20.0,1.0,8.253045031582834,-26.991115925864374,26.991115925864374,47.90419161676647,2.2561232755556,0.07894602332321844,167
84,42.0,85.0,0.003,20.0,1.2,8.253045031582834,-26.991115925864374,26.991115925864374,47.90419161676647,2.2561232755556,0.07894602332321844,167
85,42.0,85.0,0.003,25.0,0.8,8.253045031582834,-26.991115925864374,26.991115925864374,47.90419161676647,2.2561232755556,0.07894602332321844,167
86,42.0,85.0,0.003,25.0,1.0,8.253045031582834,-26.991115925864374,26.991115925864374,47.90419161676647,2.2561232755556,0.07894602332321844,167
87,42.0,85.0,0.003,25.0,1.2,8.253045031582834,-26.991115925864374,26.991115925864374,47.90419161676647,2.2561232755556,0.07894602332321844,167
88,42.0,85.0,0.003,30.0,0.8,10.256255813546609,-26.99061360934386,26.99061360934386,48.5207100591716,2.2973887408385463,0.0957197023862763,169
89,42.0,85.0,0.003,30.0,1.0,10.256255813546609,-26.99061360934386,26.99061360934386,48.5207100591716,2.2973887408385463,0.0957197023862763,169
90,42.0,85.0,0.003,30.0,1.2,10.256255813546609,-26.99061360934386,26.99061360934386,48.5207100591716,2.2973887408385463,0.0957197023862763,169
91,42.0,85.0,0.005,20.0,0.8,8.253045031582834,-26.991115925864374,26.991115925864374,47.90419161676647,2.2561232755556,0.07894602332321844,167
92,42.0,85.0,0.005,20.0,1.0,8.253045031582834,-26.991115925864374,26.991115925864374,47.90419161676647,2.2561232755556,0.07894602332321844,167
93,42.0,85.0,0.005,20.0,1.2,8.253045031582834,-26.991115925864374,26.991115925864374,47.90419161676647,2.2561232755556,0.07894602332321844,167
94,42.0,85.0,0.005,25.0,0.8,8.253045031582834,-26.991115925864374,26.991115925864374,47.90419161676647,2.2561232755556,0.07894602332321844,167
95,42.0,85.0,0.005,25.0,1.0,8.253045031582834,-26.991115925864374,26.991115925864374,47.90419161676647,2.2561232755556,0.07894602332321844,167
96,42.0,85.0,0.005,25.0,1.2,8.253045031582834,-26.991115925864374,26.991115925864374,47.90419161676647,2.2561232755556,0.07894602332321844,167
97,42.0,85.0,0.005,30.0,0.8,10.256255813546609,-26.99061360934386,26.99061360934386,48.5207100591716,2.2973887408385463,0.0957197023862763,169
98,42.0,85.0,0.005,30.0,1.0,10.256255813546609,-26.99061360934386,26.99061360934386,48.5207100591716,2.2973887408385463,0.0957197023862763,169
99,42.0,85.0,0.005,30.0,1.2,10.256255813546609,-26.99061360934386,26.99061360934386,48.5207100591716,2.2973887408385463,0.0957197023862763,169
100,42.0,85.0,0.01,20.0,0.8,8.253045031582834,-26.991115925864374,26.991115925864374,47.90419161676647,2.2561232755556,0.07894602332321844,167
101,42.0,85.0,0.01,20.0,1.0,8.253045031582834,-26.991115925864374,26.991115925864374,47.90419161676647,2.2561232755556,0.07894602332321844,167
102,42.0,85.0,0.01,20.0,1.2,8.253045031582834,-26.991115925864374,26.991115925864374,47.90419161676647,2.2561232755556,0.07894602332321844,167
103,42.0,85.0,0.01,25.0,0.8,8.253045031582834,-26.991115925864374,26.991115925864374,47.90419161676647,2.2561232755556,0.07894602332321844,167
104,42.0,85.0,0.01,25.0,1.0,8.253045031582834,-26.991115925864374,26.991115925864374,47.90419161676647,2.2561232755556,0.07894602332321844,167
105,42.0,85.0,0.01,25.0,1.2,8.253045031582834,-26.991115925864374,26.991115925864374,47.90419161676647,2.2561232755556,0.07894602332321844,167
106,42.0,85.0,0.01,30.0,0.8,10.256255813546609,-26.99061360934386,26.99061360934386,48.5207100591716,2.2973887408385463,0.0957197023862763,169
107,42.0,85.0,0.01,30.0,1.0,10.256255813546609,-26.99061360934386,26.99061360934386,48.5207100591716,2.2973887408385463,0.0957197023862763,169
108,42.0,85.0,0.01,30.0,1.2,10.256255813546609,-26.99061360934386,26.99061360934386,48.5207100591716,2.2973887408385463,0.0957197023862763,169
109,47.0,75.0,0.001,20.0,0.8,54.402306726679704,-26.996395525441187,26.996395525441187,48.717948717948715,2.0738080117874014,0.38467565879391097,156
110,47.0,75.0,0.001,20.0,1.0,54.402306726679704,-26.996395525441187,26.996395525441187,48.717948717948715,2.0738080117874014,0.38467565879391097,156
111,47.0,75.0,0.001,20.0,1.2,54.402306726679704,-26.996395525441187,26.996395525441187,48.717948717948715,2.0738080117874014,0.38467565879391097,156
112,47.0,75.0,0.001,25.0,0.8,54.402306726679704,-26.996395525441187,26.996395525441187,48.717948717948715,2.0738080117874014,0.38467565879391097,156
113,47.0,75.0,0.001,25.0,1.0,54.402306726679704,-26.996395525441187,26.996395525441187,48.717948717948715,2.0738080117874014,0.38467565879391097,156
114,47.0,75.0,0.001,25.0,1.2,54.402306726679704,-26.996395525441187,26.996395525441187,48.717948717948715,2.0738080117874014,0.38467565879391097,156
115,47.0,75.0,0.001,30.0,0.8,57.26086799400041,-26.99693358641676,26.99693358641676,49.36708860759494,2.116384546603888,0.39575931621710575,158
116,47.0,75.0,0.001,30.0,1.0,57.26086799400041,-26.99693358641676,26.99693358641676,49.36708860759494,2.116384546603888,0.39575931621710575,158
117,47.0,75.0,0.001,30.0,1.2,57.26086799400041,-26.99693358641676,26.99693358641676,49.36708860759494,2.116384546603888,0.39575931621710575,158
118,47.0,75.0,0.003,20.0,0.8,54.402306726679704,-26.996395525441187,26.996395525441187,48.717948717948715,2.0738080117874014,0.38467565879391097,156
119,47.0,75.0,0.003,20.0,1.0,54.402306726679704,-26.996395525441187,26.996395525441187,48.717948717948715,2.0738080117874014,0.38467565879391097,156
120,47.0,75.0,0.003,20.0,1.2,54.402306726679704,-26.996395525441187,26.996395525441187,48.717948717948715,2.0738080117874014,0.38467565879391097,156
121,47.0,75.0,0.003,25.0,0.8,54.402306726679704,-26.996395525441187,26.996395525441187,48.717948717948715,2.0738080117874014,0.38467565879391097,156
122,47.0,75.0,0.003,25.0,1.0,54.402306726679704,-26.996395525441187,26.996395525441187,48.717948717948715,2.0738080117874014,0.38467565879391097,156
123,47.0,75.0,0.003,25.0,1.2,54.402306726679704,-26.996395525441187,26.996395525441187,48.717948717948715,2.0738080117874014,0.38467565879391097,156
124,47.0,75.0,0.003,30.0,0.8,57.26086799400041,-26.99693358641676,26.99693358641676,49.36708860759494,2.116384546603888,0.39575931621710575,158
125,47.0,75.0,0.003,30.0,1.0,57.26086799400041,-26.99693358641676,26.99693358641676,49.36708860759494,2.116384546603888,0.39575931621710575,158
126,47.0,75.0,0.003,30.0,1.2,57.26086799400041,-26.99693358641676,26.99693358641676,49.36708860759494,2.116384546603888,0.39575931621710575,158
127,47.0,75.0,0.005,20.0,0.8,54.402306726679704,-26.996395525441187,26.996395525441187,48.717948717948715,2.0738080117874014,0.38467565879391097,156
128,47.0,75.0,0.005,20.0,1.0,54.402306726679704,-26.996395525441187,26.996395525441187,48.717948717948715,2.0738080117874014,0.38467565879391097,156
129,47.0,75.0,0.005,20.0,1.2,54.402306726679704,-26.996395525441187,26.996395525441187,48.717948717948715,2.0738080117874014,0.38467565879391097,156
130,47.0,75.0,0.005,25.0,0.8,54.402306726679704,-26.996395525441187,26.996395525441187,48.717948717948715,2.0738080117874014,0.38467565879391097,156
131,47.0,75.0,0.005,25.0,1.0,54.402306726679704,-26.996395525441187,26.996395525441187,48.717948717948715,2.0738080117874014,0.38467565879391097,156
132,47.0,75.0,0.005,25.0,1.2,54.402306726679704,-26.996395525441187,26.996395525441187,48.717948717948715,2.0738080117874014,0.38467565879391097,156
133,47.0,75.0,0.005,30.0,0.8,57.26086799400041,-26.99693358641676,26.99693358641676,49.36708860759494,2.116384546603888,0.39575931621710575,158
134,47.0,75.0,0.005,30.0,1.0,57.26086799400041,-26.99693358641676,26.99693358641676,49.36708860759494,2.116384546603888,0.39575931621710575,158
135,47.0,75.0,0.005,30.0,1.2,57.26086799400041,-26.99693358641676,26.99693358641676,49.36708860759494,2.116384546603888,0.39575931621710575,158
136,47.0,75.0,0.01,20.0,0.8,54.402306726679704,-26.996395525441187,26.996395525441187,48.717948717948715,2.0738080117874014,0.38467565879391097,156
137,47.0,75.0,0.01,20.0,1.0,54.402306726679704,-26.996395525441187,26.996395525441187,48.717948717948715,2.0738080117874014,0.38467565879391097,156
138,47.0,75.0,0.01,20.0,1.2,54.402306726679704,-26.996395525441187,26.996395525441187,48.717948717948715,2.0738080117874014,0.38467565879391097,156
139,47.0,75.0,0.01,25.0,0.8,54.402306726679704,-26.996395525441187,26.996395525441187,48.717948717948715,2.0738080117874014,0.38467565879391097,156
140,47.0,75.0,0.01,25.0,1.0,54.402306726679704,-26.996395525441187,26.996395525441187,48.717948717948715,2.0738080117874014,0.38467565879391097,156
141,47.0,75.0,0.01,25.0,1.2,54.402306726679704,-26.996395525441187,26.996395525441187,48.717948717948715,2.0738080117874014,0.38467565879391097,156
142,47.0,75.0,0.01,30.0,0.8,57.26086799400041,-26.99693358641676,26.99693358641676,49.36708860759494,2.116384546603888,0.39575931621710575,158
143,47.0,75.0,0.01,30.0,1.0,57.26086799400041,-26.99693358641676,26.99693358641676,49.36708860759494,2.116384546603888,0.39575931621710575,158
144,47.0,75.0,0.01,30.0,1.2,57.26086799400041,-26.99693358641676,26.99693358641676,49.36708860759494,2.116384546603888,0.39575931621710575,158
145,47.0,80.0,0.001,20.0,0.8,54.402306726679704,-26.996395525441187,26.996395525441187,48.717948717948715,2.0738080117874014,0.38467565879391097,156
146,47.0,80.0,0.001,20.0,1.0,54.402306726679704,-26.996395525441187,26.996395525441187,48.717948717948715,2.0738080117874014,0.38467565879391097,156
147,47.0,80.0,0.001,20.0,1.2,54.402306726679704,-26.996395525441187,26.996395525441187,48.717948717948715,2.0738080117874014,0.38467565879391097,156
148,47.0,80.0,0.001,25.0,0.8,54.402306726679704,-26.996395525441187,26.996395525441187,48.717948717948715,2.0738080117874014,0.38467565879391097,156
149,47.0,80.0,0.001,25.0,1.0,54.402306726679704,-26.996395525441187,26.996395525441187,48.717948717948715,2.0738080117874014,0.38467565879391097,156
150,47.0,80.0,0.001,25.0,1.2,54.402306726679704,-26.996395525441187,26.996395525441187,48.717948717948715,2.0738080117874014,0.38467565879391097,156
151,47.0,80.0,0.001,30.0,0.8,57.26086799400041,-26.99693358641676,26.99693358641676,49.36708860759494,2.116384546603888,0.39575931621710575,158
152,47.0,80.0,0.001,30.0,1.0,57.26086799400041,-26.99693358641676,26.99693358641676,49.36708860759494,2.116384546603888,0.39575931621710575,158
153,47.0,80.0,0.001,30.0,1.2,57.26086799400041,-26.99693358641676,26.99693358641676,49.36708860759494,2.116384546603888,0.39575931621710575,158
154,47.0,80.0,0.003,20.0,0.8,54.402306726679704,-26.996395525441187,26.996395525441187,48.717948717948715,2.0738080117874014,0.38467565879391097,156
155,47.0,80.0,0.003,20.0,1.0,54.402306726679704,-26.996395525441187,26.996395525441187,48.717948717948715,2.0738080117874014,0.38467565879391097,156
156,47.0,80.0,0.003,20.0,1.2,54.402306726679704,-26.996395525441187,26.996395525441187,48.717948717948715,2.0738080117874014,0.38467565879391097,156
157,47.0,80.0,0.003,25.0,0.8,54.402306726679704,-26.996395525441187,26.996395525441187,48.717948717948715,2.0738080117874014,0.38467565879391097,156
158,47.0,80.0,0.003,25.0,1.0,54.402306726679704,-26.996395525441187,26.996395525441187,48.717948717948715,2.0738080117874014,0.38467565879391097,156
159,47.0,80.0,0.003,25.0,1.2,54.402306726679704,-26.996395525441187,26.996395525441187,48.717948717948715,2.0738080117874014,0.38467565879391097,156
160,47.0,80.0,0.003,30.0,0.8,57.26086799400041,-26.99693358641676,26.99693358641676,49.36708860759494,2.116384546603888,0.39575931621710575,158
161,47.0,80.0,0.003,30.0,1.0,57.26086799400041,-26.99693358641676,26.99693358641676,49.36708860759494,2.116384546603888,0.39575931621710575,158
162,47.0,80.0,0.003,30.0,1.2,57.26086799400041,-26.99693358641676,26.99693358641676,49.36708860759494,2.116384546603888,0.39575931621710575,158
163,47.0,80.0,0.005,20.0,0.8,54.402306726679704,-26.996395525441187,26.996395525441187,48.717948717948715,2.0738080117874014,0.38467565879391097,156
164,47.0,80.0,0.005,20.0,1.0,54.402306726679704,-26.996395525441187,26.996395525441187,48.717948717948715,2.0738080117874014,0.38467565879391097,156
165,47.0,80.0,0.005,20.0,1.2,54.402306726679704,-26.996395525441187,26.996395525441187,48.717948717948715,2.0738080117874014,0.38467565879391097,156
166,47.0,80.0,0.005,25.0,0.8,54.402306726679704,-26.996395525441187,26.996395525441187,48.717948717948715,2.0738080117874014,0.38467565879391097,156
167,47.0,80.0,0.005,25.0,1.0,54.402306726679704,-26.996395525441187,26.996395525441187,48.717948717948715,2.0738080117874014,0.38467565879391097,156
168,47.0,80.0,0.005,25.0,1.2,54.402306726679704,-26.996395525441187,26.996395525441187,48.717948717948715,2.0738080117874014,0.38467565879391097,156
169,47.0,80.0,0.005,30.0,0.8,57.26086799400041,-26.99693358641676,26.99693358641676,49.36708860759494,2.116384546603888,0.39575931621710575,158
170,47.0,80.0,0.005,30.0,1.0,57.26086799400041,-26.99693358641676,26.99693358641676,49.36708860759494,2.116384546603888,0.39575931621710575,158
171,47.0,80.0,0.005,30.0,1.2,57.26086799400041,-26.99693358641676,26.99693358641676,49.36708860759494,2.116384546603888,0.39575931621710575,158
172,47.0,80.0,0.01,20.0,0.8,54.402306726679704,-26.996395525441187,26.996395525441187,48.717948717948715,2.0738080117874014,0.38467565879391097,156
173,47.0,80.0,0.01,20.0,1.0,54.402306726679704,-26.996395525441187,26.996395525441187,48.717948717948715,2.0738080117874014,0.38467565879391097,156
174,47.0,80.0,0.01,20.0,1.2,54.402306726679704,-26.996395525441187,26.996395525441187,48.717948717948715,2.0738080117874014,0.38467565879391097,156
175,47.0,80.0,0.01,25.0,0.8,54.402306726679704,-26.996395525441187,26.996395525441187,48.717948717948715,2.0738080117874014,0.38467565879391097,156
176,47.0,80.0,0.01,25.0,1.0,54.402306726679704,-26.996395525441187,26.996395525441187,48.717948717948715,2.0738080117874014,0.38467565879391097,156
177,47.0,80.0,0.01,25.0,1.2,54.402306726679704,-26.996395525441187,26.996395525441187,48.717948717948715,2.0738080117874014,0.38467565879391097,156
178,47.0,80.0,0.01,30.0,0.8,57.26086799400041,-26.99693358641676,26.99693358641676,49.36708860759494,2.116384546603888,0.39575931621710575,158
179,47.0,80.0,0.01,30.0,1.0,57.26086799400041,-26.99693358641676,26.99693358641676,49.36708860759494,2.116384546603888,0.39575931621710575,158
180,47.0,80.0,0.01,30.0,1.2,57.26086799400041,-26.99693358641676,26.99693358641676,49.36708860759494,2.116384546603888,0.39575931621710575,158
181,47.0,85.0,0.001,20.0,0.8,54.402306726679704,-26.996395525441187,26.996395525441187,48.717948717948715,2.0738080117874014,0.38467565879391097,156
182,47.0,85.0,0.001,20.0,1.0,54.402306726679704,-26.996395525441187,26.996395525441187,48.717948717948715,2.0738080117874014,0.38467565879391097,156
183,47.0,85.0,0.001,20.0,1.2,54.402306726679704,-26.996395525441187,26.996395525441187,48.717948717948715,2.0738080117874014,0.38467565879391097,156
184,47.0,85.0,0.001,25.0,0.8,54.402306726679704,-26.996395525441187,26.996395525441187,48.717948717948715,2.0738080117874014,0.38467565879391097,156
185,47.0,85.0,0.001,25.0,1.0,54.402306726679704,-26.996395525441187,26.996395525441187,48.717948717948715,2.0738080117874014,0.38467565879391097,156
186,47.0,85.0,0.001,25.0,1.2,54.402306726679704,-26.996395525441187,26.996395525441187,48.717948717948715,2.0738080117874014,0.38467565879391097,156
187,47.0,85.0,0.001,30.0,0.8,57.26086799400041,-26.99693358641676,26.99693358641676,49.36708860759494,2.116384546603888,0.39575931621710575,158
188,47.0,85.0,0.001,30.0,1.0,57.26086799400041,-26.99693358641676,26.99693358641676,49.36708860759494,2.116384546603888,0.39575931621710575,158
189,47.0,85.0,0.001,30.0,1.2,57.26086799400041,-26.99693358641676,26.99693358641676,49.36708860759494,2.116384546603888,0.39575931621710575,158
190,47.0,85.0,0.003,20.0,0.8,54.402306726679704,-26.996395525441187,26.996395525441187,48.717948717948715,2.0738080117874014,0.38467565879391097,156
191,47.0,85.0,0.003,20.0,1.0,54.402306726679704,-26.996395525441187,26.996395525441187,48.717948717948715,2.0738080117874014,0.38467565879391097,156
192,47.0,85.0,0.003,20.0,1.2,54.402306726679704,-26.996395525441187,26.996395525441187,48.717948717948715,2.0738080117874014,0.38467565879391097,156
193,47.0,85.0,0.003,25.0,0.8,54.402306726679704,-26.996395525441187,26.996395525441187,48.717948717948715,2.0738080117874014,0.38467565879391097,156
194,47.0,85.0,0.003,25.0,1.0,54.402306726679704,-26.996395525441187,26.996395525441187,48.717948717948715,2.0738080117874014,0.38467565879391097,156
195,47.0,85.0,0.003,25.0,1.2,54.402306726679704,-26.996395525441187,26.996395525441187,48.717948717948715,2.0738080117874014,0.38467565879391097,156
196,47.0,85.0,0.003,30.0,0.8,57.26086799400041,-26.99693358641676,26.99693358641676,49.36708860759494,2.116384546603888,0.39575931621710575,158
197,47.0,85.0,0.003,30.0,1.0,57.26086799400041,-26.99693358641676,26.99693358641676,49.36708860759494,2.116384546603888,0.39575931621710575,158
198,47.0,85.0,0.003,30.0,1.2,57.26086799400041,-26.99693358641676,26.99693358641676,49.36708860759494,2.116384546603888,0.39575931621710575,158
199,47.0,85.0,0.005,20.0,0.8,54.402306726679704,-26.996395525441187,26.996395525441187,48.717948717948715,2.0738080117874014,0.38467565879391097,156
200,47.0,85.0,0.005,20.0,1.0,54.402306726679704,-26.996395525441187,26.996395525441187,48.717948717948715,2.0738080117874014,0.38467565879391097,156
201,47.0,85.0,0.005,20.0,1.2,54.402306726679704,-26.996395525441187,26.996395525441187,48.717948717948715,2.0738080117874014,0.38467565879391097,156
202,47.0,85.0,0.005,25.0,0.8,54.402306726679704,-26.996395525441187,26.996395525441187,48.717948717948715,2.0738080117874014,0.38467565879391097,156
203,47.0,85.0,0.005,25.0,1.0,54.402306726679704,-26.996395525441187,26.996395525441187,48.717948717948715,2.0738080117874014,0.38467565879391097,156
204,47.0,85.0,0.005,25.0,1.2,54.402306726679704,-26.996395525441187,26.996395525441187,48.717948717948715,2.0738080117874014,0.38467565879391097,156
205,47.0,85.0,0.005,30.0,0.8,57.26086799400041,-26.99693358641676,26.99693358641676,49.36708860759494,2.116384546603888,0.39575931621710575,158
206,47.0,85.0,0.005,30.0,1.0,57.26086799400041,-26.99693358641676,26.99693358641676,49.36708860759494,2.116384546603888,0.39575931621710575,158
207,47.0,85.0,0.005,30.0,1.2,57.26086799400041,-26.99693358641676,26.99693358641676,49.36708860759494,2.116384546603888,0.39575931621710575,158
208,47.0,85.0,0.01,20.0,0.8,54.402306726679704,-26.996395525441187,26.996395525441187,48.717948717948715,2.0738080117874014,0.38467565879391097,156
209,47.0,85.0,0.01,20.0,1.0,54.402306726679704,-26.996395525441187,26.996395525441187,48.717948717948715,2.0738080117874014,0.38467565879391097,156
210,47.0,85.0,0.01,20.0,1.2,54.402306726679704,-26.996395525441187,26.996395525441187,48.717948717948715,2.0738080117874014,0.38467565879391097,156
211,47.0,85.0,0.01,25.0,0.8,54.402306726679704,-26.996395525441187,26.996395525441187,48.717948717948715,2.0738080117874014,0.38467565879391097,156
212,47.0,85.0,0.01,25.0,1.0,54.402306726679704,-26.996395525441187,26.996395525441187,48.717948717948715,2.0738080117874014,0.38467565879391097,156
213,47.0,85.0,0.01,25.0,1.2,54.402306726679704,-26.996395525441187,26.996395525441187,48.717948717948715,2.0738080117874014,0.38467565879391097,156
214,47.0,85.0,0.01,30.0,0.8,57.26086799400041,-26.99693358641676,26.99693358641676,49.36708860759494,2.116384546603888,0.39575931621710575,158
215,47.0,85.0,0.01,30.0,1.0,57.26086799400041,-26.99693358641676,26.99693358641676,49.36708860759494,2.116384546603888,0.39575931621710575,158
216,47.0,85.0,0.01,30.0,1.2,57.26086799400041,-26.99693358641676,26.99693358641676,49.36708860759494,2.116384546603888,0.39575931621710575,158
217,52.0,75.0,0.001,20.0,0.8,69.39333842157961,-26.972152571527165,26.972152571527165,48.36065573770492,2.4867379577810995,0.4361351170377189,122
218,52.0,75.0,0.001,20.0,1.0,69.39333842157961,-26.972152571527165,26.972152571527165,48.36065573770492,2.4867379577810995,0.4361351170377189,122
219,52.0,75.0,0.001,20.0,1.2,69.39333842157961,-26.972152571527165,26.972152571527165,48.36065573770492,2.4867379577810995,0.4361351170377189,122
220,52.0,75.0,0.001,25.0,0.8,69.39333842157961,-26.972152571527165,26.972152571527165,48.36065573770492,2.4867379577810995,0.4361351170377189,122
221,52.0,75.0,0.001,25.0,1.0,69.39333842157961,-26.972152571527165,26.972152571527165,48.36065573770492,2.4867379577810995,0.4361351170377189,122
222,52.0,75.0,0.001,25.0,1.2,69.39333842157961,-26.972152571527165,26.972152571527165,48.36065573770492,2.4867379577810995,0.4361351170377189,122
223,52.0,75.0,0.001,30.0,0.8,72.5298048488031,-26.9714398313196,26.9714398313196,49.193548387096776,2.538857929839258,0.4461236811826304,124
224,52.0,75.0,0.001,30.0,1.0,72.5298048488031,-26.9714398313196,26.9714398313196,49.193548387096776,2.538857929839258,0.4461236811826304,124
225,52.0,75.0,0.001,30.0,1.2,72.5298048488031,-26.9714398313196,26.9714398313196,49.193548387096776,2.538857929839258,0.4461236811826304,124
226,52.0,75.0,0.003,20.0,0.8,69.39333842157961,-26.972152571527165,26.972152571527165,48.36065573770492,2.4867379577810995,0.4361351170377189,122
227,52.0,75.0,0.003,20.0,1.0,69.39333842157961,-26.972152571527165,26.972152571527165,48.36065573770492,2.4867379577810995,0.4361351170377189,122
228,52.0,75.0,0.003,20.0,1.2,69.39333842157961,-26.972152571527165,26.972152571527165,48.36065573770492,2.4867379577810995,0.4361351170377189,122
229,52.0,75.0,0.003,25.0,0.8,69.39333842157961,-26.972152571527165,26.972152571527165,48.36065573770492,2.4867379577810995,0.4361351170377189,122
230,52.0,75.0,0.003,25.0,1.0,69.39333842157961,-26.972152571527165,26.972152571527165,48.36065573770492,2.4867379577810995,0.4361351170377189,122
231,52.0,75.0,0.003,25.0,1.2,69.39333842157961,-26.972152571527165,26.972152571527165,48.36065573770492,2.4867379577810995,0.4361351170377189,122
232,52.0,75.0,0.003,30.0,0.8,72.5298048488031,-26.9714398313196,26.9714398313196,49.193548387096776,2.538857929839258,0.4461236811826304,124
233,52.0,75.0,0.003,30.0,1.0,72.5298048488031,-26.9714398313196,26.9714398313196,49.193548387096776,2.538857929839258,0.4461236811826304,124
234,52.0,75.0,0.003,30.0,1.2,72.5298048488031,-26.9714398313196,26.9714398313196,49.193548387096776,2.538857929839258,0.4461236811826304,124
235,52.0,75.0,0.005,20.0,0.8,69.39333842157961,-26.972152571527165,26.972152571527165,48.36065573770492,2.4867379577810995,0.4361351170377189,122
236,52.0,75.0,0.005,20.0,1.0,69.39333842157961,-26.972152571527165,26.972152571527165,48.36065573770492,2.4867379577810995,0.4361351170377189,122
237,52.0,75.0,0.005,20.0,1.2,69.39333842157961,-26.972152571527165,26.972152571527165,48.36065573770492,2.4867379577810995,0.4361351170377189,122
238,52.0,75.0,0.005,25.0,0.8,69.39333842157961,-26.972152571527165,26.972152571527165,48.36065573770492,2.4867379577810995,0.4361351170377189,122
239,52.0,75.0,0.005,25.0,1.0,69.39333842157961,-26.972152571527165,26.972152571527165,48.36065573770492,2.4867379577810995,0.4361351170377189,122
240,52.0,75.0,0.005,25.0,1.2,69.39333842157961,-26.972152571527165,26.972152571527165,48.36065573770492,2.4867379577810995,0.4361351170377189,122
241,52.0,75.0,0.005,30.0,0.8,72.5298048488031,-26.9714398313196,26.9714398313196,49.193548387096776,2.538857929839258,0.4461236811826304,124
242,52.0,75.0,0.005,30.0,1.0,72.5298048488031,-26.9714398313196,26.9714398313196,49.193548387096776,2.538857929839258,0.4461236811826304,124
243,52.0,75.0,0.005,30.0,1.2,72.5298048488031,-26.9714398313196,26.9714398313196,49.193548387096776,2.538857929839258,0.4461236811826304,124
244,52.0,75.0,0.01,20.0,0.8,69.39333842157961,-26.972152571527165,26.972152571527165,48.36065573770492,2.4867379577810995,0.4361351170377189,122
245,52.0,75.0,0.01,20.0,1.0,69.39333842157961,-26.972152571527165,26.972152571527165,48.36065573770492,2.4867379577810995,0.4361351170377189,122
246,52.0,75.0,0.01,20.0,1.2,69.39333842157961,-26.972152571527165,26.972152571527165,48.36065573770492,2.4867379577810995,0.4361351170377189,122
247,52.0,75.0,0.01,25.0,0.8,69.39333842157961,-26.972152571527165,26.972152571527165,48.36065573770492,2.4867379577810995,0.4361351170377189,122
248,52.0,75.0,0.01,25.0,1.0,69.39333842157961,-26.972152571527165,26.972152571527165,48.36065573770492,2.4867379577810995,0.4361351170377189,122
249,52.0,75.0,0.01,25.0,1.2,69.39333842157961,-26.972152571527165,26.972152571527165,48.36065573770492,2.4867379577810995,0.4361351170377189,122
250,52.0,75.0,0.01,30.0,0.8,72.5298048488031,-26.9714398313196,26.9714398313196,49.193548387096776,2.538857929839258,0.4461236811826304,124
251,52.0,75.0,0.01,30.0,1.0,72.5298048488031,-26.9714398313196,26.9714398313196,49.193548387096776,2.538857929839258,0.4461236811826304,124
252,52.0,75.0,0.01,30.0,1.2,72.5298048488031,-26.9714398313196,26.9714398313196,49.193548387096776,2.538857929839258,0.4461236811826304,124
253,52.0,80.0,0.001,20.0,0.8,69.39333842157961,-26.972152571527165,26.972152571527165,48.36065573770492,2.4867379577810995,0.4361351170377189,122
254,52.0,80.0,0.001,20.0,1.0,69.39333842157961,-26.972152571527165,26.972152571527165,48.36065573770492,2.4867379577810995,0.4361351170377189,122
255,52.0,80.0,0.001,20.0,1.2,69.39333842157961,-26.972152571527165,26.972152571527165,48.36065573770492,2.4867379577810995,0.4361351170377189,122
256,52.0,80.0,0.001,25.0,0.8,69.39333842157961,-26.972152571527165,26.972152571527165,48.36065573770492,2.4867379577810995,0.4361351170377189,122
257,52.0,80.0,0.001,25.0,1.0,69.39333842157961,-26.972152571527165,26.972152571527165,48.36065573770492,2.4867379577810995,0.4361351170377189,122
258,52.0,80.0,0.001,25.0,1.2,69.39333842157961,-26.972152571527165,26.972152571527165,48.36065573770492,2.4867379577810995,0.4361351170377189,122
259,52.0,80.0,0.001,30.0,0.8,72.5298048488031,-26.9714398313196,26.9714398313196,49.193548387096776,2.538857929839258,0.4461236811826304,124
260,52.0,80.0,0.001,30.0,1.0,72.5298048488031,-26.9714398313196,26.9714398313196,49.193548387096776,2.538857929839258,0.4461236811826304,124
261,52.0,80.0,0.001,30.0,1.2,72.5298048488031,-26.9714398313196,26.9714398313196,49.193548387096776,2.538857929839258,0.4461236811826304,124
262,52.0,80.0,0.003,20.0,0.8,69.39333842157961,-26.972152571527165,26.972152571527165,48.36065573770492,2.4867379577810995,0.4361351170377189,122
263,52.0,80.0,0.003,20.0,1.0,69.39333842157961,-26.972152571527165,26.972152571527165,48.36065573770492,2.4867379577810995,0.4361351170377189,122
264,52.0,80.0,0.003,20.0,1.2,69.39333842157961,-26.972152571527165,26.972152571527165,48.36065573770492,2.4867379577810995,0.4361351170377189,122
265,52.0,80.0,0.003,25.0,0.8,69.39333842157961,-26.972152571527165,26.972152571527165,48.36065573770492,2.4867379577810995,0.4361351170377189,122
266,52.0,80.0,0.003,25.0,1.0,69.39333842157961,-26.972152571527165,26.972152571527165,48.36065573770492,2.4867379577810995,0.4361351170377189,122
267,52.0,80.0,0.003,25.0,1.2,69.39333842157961,-26.972152571527165,26.972152571527165,48.36065573770492,2.4867379577810995,0.4361351170377189,122
268,52.0,80.0,0.003,30.0,0.8,72.5298048488031,-26.9714398313196,26.9714398313196,49.193548387096776,2.538857929839258,0.4461236811826304,124
269,52.0,80.0,0.003,30.0,1.0,72.5298048488031,-26.9714398313196,26.9714398313196,49.193548387096776,2.538857929839258,0.4461236811826304,124
270,52.0,80.0,0.003,30.0,1.2,72.5298048488031,-26.9714398313196,26.9714398313196,49.193548387096776,2.538857929839258,0.4461236811826304,124
271,52.0,80.0,0.005,20.0,0.8,69.39333842157961,-26.972152571527165,26.972152571527165,48.36065573770492,2.4867379577810995,0.4361351170377189,122
272,52.0,80.0,0.005,20.0,1.0,69.39333842157961,-26.972152571527165,26.972152571527165,48.36065573770492,2.4867379577810995,0.4361351170377189,122
273,52.0,80.0,0.005,20.0,1.2,69.39333842157961,-26.972152571527165,26.972152571527165,48.36065573770492,2.4867379577810995,0.4361351170377189,122
274,52.0,80.0,0.005,25.0,0.8,69.39333842157961,-26.972152571527165,26.972152571527165,48.36065573770492,2.4867379577810995,0.4361351170377189,122
275,52.0,80.0,0.005,25.0,1.0,69.39333842157961,-26.972152571527165,26.972152571527165,48.36065573770492,2.4867379577810995,0.4361351170377189,122
276,52.0,80.0,0.005,25.0,1.2,69.39333842157961,-26.972152571527165,26.972152571527165,48.36065573770492,2.4867379577810995,0.4361351170377189,122
277,52.0,80.0,0.005,30.0,0.8,72.5298048488031,-26.9714398313196,26.9714398313196,49.193548387096776,2.538857929839258,0.4461236811826304,124
278,52.0,80.0,0.005,30.0,1.0,72.5298048488031,-26.9714398313196,26.9714398313196,49.193548387096776,2.538857929839258,0.4461236811826304,124
279,52.0,80.0,0.005,30.0,1.2,72.5298048488031,-26.9714398313196,26.9714398313196,49.193548387096776,2.538857929839258,0.4461236811826304,124
280,52.0,80.0,0.01,20.0,0.8,69.39333842157961,-26.972152571527165,26.972152571527165,48.36065573770492,2.4867379577810995,0.4361351170377189,122
281,52.0,80.0,0.01,20.0,1.0,69.39333842157961,-26.972152571527165,26.972152571527165,48.36065573770492,2.4867379577810995,0.4361351170377189,122
282,52.0,80.0,0.01,20.0,1.2,69.39333842157961,-26.972152571527165,26.972152571527165,48.36065573770492,2.4867379577810995,0.4361351170377189,122
283,52.0,80.0,0.01,25.0,0.8,69.39333842157961,-26.972152571527165,26.972152571527165,48.36065573770492,2.4867379577810995,0.4361351170377189,122
284,52.0,80.0,0.01,25.0,1.0,69.39333842157961,-26.972152571527165,26.972152571527165,48.36065573770492,2.4867379577810995,0.4361351170377189,122
285,52.0,80.0,0.01,25.0,1.2,69.39333842157961,-26.972152571527165,26.972152571527165,48.36065573770492,2.4867379577810995,0.4361351170377189,122
286,52.0,80.0,0.01,30.0,0.8,72.5298048488031,-26.9714398313196,26.9714398313196,49.193548387096776,2.538857929839258,0.4461236811826304,124
287,52.0,80.0,0.01,30.0,1.0,72.5298048488031,-26.9714398313196,26.9714398313196,49.193548387096776,2.538857929839258,0.4461236811826304,124
288,52.0,80.0,0.01,30.0,1.2,72.5298048488031,-26.9714398313196,26.9714398313196,49.193548387096776,2.538857929839258,0.4461236811826304,124
289,52.0,85.0,0.001,20.0,0.8,69.39333842157961,-26.972152571527165,26.972152571527165,48.36065573770492,2.4867379577810995,0.4361351170377189,122
290,52.0,85.0,0.001,20.0,1.0,69.39333842157961,-26.972152571527165,26.972152571527165,48.36065573770492,2.4867379577810995,0.4361351170377189,122
291,52.0,85.0,0.001,20.0,1.2,69.39333842157961,-26.972152571527165,26.972152571527165,48.36065573770492,2.4867379577810995,0.4361351170377189,122
292,52.0,85.0,0.001,25.0,0.8,69.39333842157961,-26.972152571527165,26.972152571527165,48.36065573770492,2.4867379577810995,0.4361351170377189,122
293,52.0,85.0,0.001,25.0,1.0,69.39333842157961,-26.972152571527165,26.972152571527165,48.36065573770492,2.4867379577810995,0.4361351170377189,122
294,52.0,85.0,0.001,25.0,1.2,69.39333842157961,-26.972152571527165,26.972152571527165,48.36065573770492,2.4867379577810995,0.4361351170377189,122
295,52.0,85.0,0.001,30.0,0.8,72.5298048488031,-26.9714398313196,26.9714398313196,49.193548387096776,2.538857929839258,0.4461236811826304,124
296,52.0,85.0,0.001,30.0,1.0,72.5298048488031,-26.9714398313196,26.9714398313196,49.193548387096776,2.538857929839258,0.4461236811826304,124
297,52.0,85.0,0.001,30.0,1.2,72.5298048488031,-26.9714398313196,26.9714398313196,49.193548387096776,2.538857929839258,0.4461236811826304,124
298,52.0,85.0,0.003,20.0,0.8,69.39333842157961,-26.972152571527165,26.972152571527165,48.36065573770492,2.4867379577810995,0.4361351170377189,122
299,52.0,85.0,0.003,20.0,1.0,69.39333842157961,-26.972152571527165,26.972152571527165,48.36065573770492,2.4867379577810995,0.4361351170377189,122
300,52.0,85.0,0.003,20.0,1.2,69.39333842157961,-26.972152571527165,26.972152571527165,48.36065573770492,2.4867379577810995,0.4361351170377189,122
301,52.0,85.0,0.003,25.0,0.8,69.39333842157961,-26.972152571527165,26.972152571527165,48.36065573770492,2.4867379577810995,0.4361351170377189,122
302,52.0,85.0,0.003,25.0,1.0,69.39333842157961,-26.972152571527165,26.972152571527165,48.36065573770492,2.4867379577810995,0.4361351170377189,122
303,52.0,85.0,0.003,25.0,1.2,69.39333842157961,-26.972152571527165,26.972152571527165,48.36065573770492,2.4867379577810995,0.4361351170377189,122
304,52.0,85.0,0.003,30.0,0.8,72.5298048488031,-26.9714398313196,26.9714398313196,49.193548387096776,2.538857929839258,0.4461236811826304,124
305,52.0,85.0,0.003,30.0,1.0,72.5298048488031,-26.9714398313196,26.9714398313196,49.193548387096776,2.538857929839258,0.4461236811826304,124
306,52.0,85.0,0.003,30.0,1.2,72.5298048488031,-26.9714398313196,26.9714398313196,49.193548387096776,2.538857929839258,0.4461236811826304,124
307,52.0,85.0,0.005,20.0,0.8,69.39333842157961,-26.972152571527165,26.972152571527165,48.36065573770492,2.4867379577810995,0.4361351170377189,122
308,52.0,85.0,0.005,20.0,1.0,69.39333842157961,-26.972152571527165,26.972152571527165,48.36065573770492,2.4867379577810995,0.4361351170377189,122
309,52.0,85.0,0.005,20.0,1.2,69.39333842157961,-26.972152571527165,26.972152571527165,48.36065573770492,2.4867379577810995,0.4361351170377189,122
310,52.0,85.0,0.005,25.0,0.8,69.39333842157961,-26.972152571527165,26.972152571527165,48.36065573770492,2.4867379577810995,0.4361351170377189,122
311,52.0,85.0,0.005,25.0,1.0,69.39333842157961,-26.972152571527165,26.972152571527165,48.36065573770492,2.4867379577810995,0.4361351170377189,122
312,52.0,85.0,0.005,25.0,1.2,69.39333842157961,-26.972152571527165,26.972152571527165,48.36065573770492,2.4867379577810995,0.4361351170377189,122
313,52.0,85.0,0.005,30.0,0.8,72.5298048488031,-26.9714398313196,26.9714398313196,49.193548387096776,2.538857929839258,0.4461236811826304,124
314,52.0,85.0,0.005,30.0,1.0,72.5298048488031,-26.9714398313196,26.9714398313196,49.193548387096776,2.538857929839258,0.4461236811826304,124
315,52.0,85.0,0.005,30.0,1.2,72.5298048488031,-26.9714398313196,26.9714398313196,49.193548387096776,2.538857929839258,0.4461236811826304,124
316,52.0,85.0,0.01,20.0,0.8,69.39333842157961,-26.972152571527165,26.972152571527165,48.36065573770492,2.4867379577810995,0.4361351170377189,122
317,52.0,85.0,0.01,20.0,1.0,69.39333842157961,-26.972152571527165,26.972152571527165,48.36065573770492,2.4867379577810995,0.4361351170377189,122
318,52.0,85.0,0.01,20.0,1.2,69.39333842157961,-26.972152571527165,26.972152571527165,48.36065573770492,2.4867379577810995,0.4361351170377189,122
319,52.0,85.0,0.01,25.0,0.8,69.39333842157961,-26.972152571527165,26.972152571527165,48.36065573770492,2.4867379577810995,0.4361351170377189,122
320,52.0,85.0,0.01,25.0,1.0,69.39333842157961,-26.972152571527165,26.972152571527165,48.36065573770492,2.4867379577810995,0.4361351170377189,122
321,52.0,85.0,0.01,25.0,1.2,69.39333842157961,-26.972152571527165,26.972152571527165,48.36065573770492,2.4867379577810995,0.4361351170377189,122
322,52.0,85.0,0.01,30.0,0.8,72.5298048488031,-26.9714398313196,26.9714398313196,49.193548387096776,2.538857929839258,0.4461236811826304,124
323,52.0,85.0,0.01,30.0,1.0,72.5298048488031,-26.9714398313196,26.9714398313196,49.193548387096776,2.538857929839258,0.4461236811826304,124
324,52.0,85.0,0.01,30.0,1.2,72.5298048488031,-26.9714398313196,26.9714398313196,49.193548387096776,2.538857929839258,0.4461236811826304,124
